target_seq,mobile_seq,target_cluster_id,db_name,label
MDFAVMKQVKNTGLLQSEELCQYILRTSVYPREAGFLKELREANESHPDSYMSTSPLAGQLMSFVLKLVNAKKTIEVGVFTGYSLLLTALSIPDDGKITAIDFDREAYEIGLPFIRKAGVEHKINFIESDAMLALDNLLQGQESEGSYDFGFVDADKPNYIKYHERLMKLVKVGGIVAYDNTLWGGTVAQPESEVPDFMKENREAVIELNKLLAADPRIEIVHLPLGDGITFCRRLY,KSKDGKTWTPEPELIYSHPFGGSQDPCLL,17158,Rosetta,0
GAMDTLYAILDEKKSELLQRITQEQEEKLSFIEALIQQYQEQLDKSTKLVETAIQSLDEPG,HLAENPIHKAALFLQELTTYQWDKGNEFFPPT,23830,Rosetta,0
LIEGAKRVLLLHGSKCPTPLHTVLKVFHSLTTPHSVLFHKKNENIHPFESTESLEFLANKNDCGMVIFGSSNKKRPNCLTIARIFDSKVLDMAELLLLPDANGEGIPEMNRLSMHVAIGLRPLMLFSGSAWDDTTSTTHTMLKSMLVDLFKGETSDKIDVEGLQYALMVGAEEPTAGLAPIIHLRWYKIVTKRSGHKLPRVELEEIGPKLDFKVGRIQEAPRDVMKEAMKQ,VAYTNMANELLAL,1532,Rosetta,0
MNVTVDQSTLAGATRGIVRGGETLKEHRDRLMAATKATGRYAGLKTLELREREPILYNKLFSRLRAGVVDARETAKKIAASPIVEQEGELCFTLYNAAGDSLLTSTGIIIHVGTMGAAIKYMIENNWEANPGVHDKDIFCNNDSLIGNVHPCDIHTIVPIFWEGELIGWVGGVTHVIDTGAVGPGSMATGQVQRFGDGYSITCRKVGANDTLFRDWLHESQRMVRTTRYWMLDERTRIAGCHMIRKLVEEVVAEEGIEAYWKFAYEAVEHGRLGLQARIKAMTIPGTYRQVGFVDVPYAHEDVRVPSDFAKLDTIMHAPCEMTIRRDGTWRLDFEGSSRWGWHTYNAHQVSFTSGIWVMMTQTLIPSEMINDGAAYGTEFRLPKGTWMNPDDRRVAFSYSWHFLVSAWTALWRGLSRSYFGRGYLEEVNAGNANTSNWLQGGGFNQYDEIHAVNSFECAANGTGATAVQDGLSHAAAIWNPEGDMGDMEIWELAEPLVYLGRQIKASSGGSGKYRGGCGFESLRMVWNAKDWTMFFMGNGHISSDWGLMGGYPAASGYRFAAHKTNLKELIASGAEIPLGGDTDPENPTWDAMLPDAQIKRDKQAITTEEMFSDYDLYLNYMRGGPGFGDPLDREPQAVADDINGGYVLERFAGEVYGVVVRKGADGQYGVDETATAAARAQIRKDRLAKSVPVSEWMKGEREKILAKDAGTQVRQMFAASFKLGPRFEKDFRTFWDLPDSWTLPEEEIGVPTYGSRYSMDISELPDVHTVQFVEE,HHLKIGPSMAKKLMFDYYKQTTNAKYNC,9022,Rosetta,0
MQDTDFFSWRRTMLLRFQRMETAEEVYHEIELQAQQLEYDYYSLCVRHPVPFTRPKVAFYTNYPEAWVSYYQAKNFLAIDPVLNPENFSQGHLMWNDDLFNEAQPLWEAARAHGLRRGVTQYLMLPNRALGFLSFSRCSAREIPILSDELQLKMQLLVRESLMALMRLNDEIVMTPEMNFSKREKEILRWTAEGKTSAEIAMILSISENTVNFHQKNMQKKINAPNKTQVACYAAATGLIHHHHHH,NNTMTYSIGANSEFEIYDIFTKEQGN,23745,Rosetta,0
MLAHSSSESPPESLPDAWTVLKTRTAVRNYAKEPVDDALIEQLLEAMLAAPTASNRQAWSFMVVRRPAAVRRLRAFSPGVLGTPAFFVVACVDRSLTDNLSPKLSQKIYDTSKLCVAMAVENLLLAAHAAGLGGCPVGSFRSDIVTSMLGIPEHIEPMLVVPIGRPATALVPSQRRAKNEVVNYESWGNRAAAPTA,PASAAYRAVTMLIPN,22006,Rosetta,0
MRWQIRKLRRAEGFNVGLLIGLFIFILVGIVLLPVITSEVSSLTSGTSPAVTGTNATLLNLVPLFYILILVIVPAVLAYKMYRE,NAMFAPQ,8211,Rosetta,0
GAMAKTTNAGKRNMAPTLPNPLRNELVSKQKLAELSSIIDGEFEPIQRKAPSPRGRLGRRVKLRKHLVEINADEITITLSRYTSPEALERSITALAAMTGHAPSSIKEECVELIDKLDWLRVENDVIQYPTLSKLLELYNSQNESKHLSIEKLIAGLAVRRKVCKLVQDGHIDETVYRALDEMAAGA,AVVFKPFKGEVVDG,13655,Rosetta,0
MGHHHHHHSGHMVRLIQFEKVTEEPMGICLKLNEKQSCTVARILHGGMIHRQGSLHVGDEILEINGTNVTNHSVDQLQKAMKETKGMISLKVIPNQQ,DAGDSSRKEYCI,31371,Pep,1
MELSASATELLQDYMLTLRTKLSSQEIQQFAALLHEYRNGASIHEFCINLRQLYGDSRKFLLLGLRPFIPEKDSQHFENFLETIGVKDLEHHHHHH,MDEQEALNSIMNDLVALQMNRR,31437,Pep,1
GPLGSDHHMEFCRVCKDGGELLCCDTCPSSYHIHCLNPPLPEIPNGEWLCPRCTCPALKGK,ARTKQTARKSTGGY,6167,Pep,1
QQVKQNSPSLSVQEGRISILNCDYTNSMFDYFLWYKKYPAEGPTFLISISSIKDKNADGRFTVFLNKSAKHLSLHIVPSQPGDSAVYFCAAMEGAQKLVFGQGTRLTINPNIQNPDPAVYQLRDSKSSDKSVCLFTDFDSQTNVSQSKDSDVYITDKTVLDMRSMDFKSNSAVAWSNKSDFACANAFNNSIIPEDTFFPSPESS,LLFGYPVYV,18128,Pep,1
GKTITGVFNSFNSLTWSNAATYNYKGPGTPTWNAVLGWSLDGTSASPGDTFTLNMPCVFKFTTSQTSVDLTAHGVKYATCQFQAGEEFMTFSTLTCTVSNTLTPSIKALGTVTLPLAFNVGGTGSSVDLEDSKCFTAGTNTVTFNDGGKKISINVDFERSNVDPKGYLTDSRVIPSLNKVSTLFVAPQCANGYTSGTMGFANTYGDVQIDCSNIHVGITKGLNDWNYPVSSESFSYTKTCSSNGIFITYKNVPAGYRPFVDAYISATDVNSYTLSYANEYTCAGGYWQRAPFTLRWTGYR,TTTTTTT,33027,Pep,1